Filename,Corrected_License_Plate
nitish0.png,CG 07 CR 8075
nitish1.png,CG 07 UC 5422
nitish10.png,CG 07 RX 4485
nitish103.png,CG 07 BG 1637
nitish108.png,CG 07 LT 5915
nitish112.png,CG 07 MB 3212
nitish113.png,CG 47 CM 521
nitish114.png,FG 47 CT 9002
nitish118.png,CG 07 LD 0721
nitish121.png,CG 07 M 4479
nitish125.png,CG 07 BR 5291
nitish126.png,CG 07 AE 8746
nitish127.png,MG 07 A 5104
nitish131.png,CG 07 BB 5153
nitish132.png,CG 04 HM 6188
nitish134.png,CG 07 D 2917
nitish135.png,CG 07 F 7597
nitish140.png,CG 07 LK 5738
nitish141.png,CG 07 BJ 1063
nitish142.png,BC 07 CV 0240
nitish144.png,CG 07 CK 7085
nitish145.png,CG 07 CX 0202
nitish146.png,JH 09 X 0549
nitish148.png,CG 07 MA 1697
nitish149.png,CG 07 CJ 0566
nitish15.png,LD 07 CD 5016
nitish150.png,CG 07 AF 1030
nitish158.png,CG 07 BE 0607
nitish16.png,CG 70 Z 021
nitish161.png,CG 07 LD 2901
nitish163.png,CD 07 DP 0209
nitish166.png,CG 07 L 3500
nitish170.png,CG 08 R 2818
nitish171.png,CG 07 LB 8358
nitish178.png,CG 07 LH 0960
nitish179.png,CG 07 CS 1538
nitish18.png,CG 07 MA 2629
nitish182.png,CO 07 DG 7714
nitish187.png,BG 07 K 3406
nitish189.png,CG 07 LU 7522
nitish193.png,CD 07 D 922
nitish203.png,CG 07 CT 3061
nitish204.png,CD 07 LH 0272
nitish207.png,CG 07 LZ 9618
nitish209.png,CG 07 Z 0134
nitish211.png,CG 07 BD 2954
nitish213.png,CG 07 AP 0401
nitish215.png,CE 07 CH 0170
nitish217.png,CG 07 CY 2317
nitish218.png,CO 07 CC 140
nitish220.png,CG 07 LH 2751
nitish222.png,CG 07 LD 2101
nitish224.png,CG 04 MH 4295
nitish226.png,CG 07 LT 9753
nitish229.png,CG 11 AR 5830
nitish23.png,CG 07 CH 0919
nitish230.png,CG 02 NF 5294
nitish231.png,CG 07 BJ 7615
nitish232.png,CG 07 AP 3001
nitish24.png,CG 07 K 8071
nitish245.png,CG 05 A 1075
nitish249.png,CC 07 BG 2490
nitish251.png,JH 09 X 0549
nitish253.png,OG 07 LK 8510
nitish257.png,QG 07 AS 9503
nitish258.png,CG 04 KD 3307
nitish259.png,CG 11 A 3021
nitish26.png,CG 07 CN 0173
nitish260.png,CG 25 N 2101
nitish261.png,JH 09 BJ 8454
nitish267.png,CB 07 CG 9687
nitish269.png,CG 07 CH 1075
nitish27.png,WB 40 U 6417
nitish272.png,CG 07 BD 2954
nitish273.png,CG 07 LK 3510
nitish275.png,GG 07 AH 1245
nitish276.png,CG 07 AT 9858
nitish278.png,JH 09 X 0549
nitish280.png,CG 07 B 4915
nitish281.png,DG 07 K 3436
nitish282.png,JH 09 BH 2888
nitish283.png,CG 24 S 3184
nitish284.png,CG 07 F 5930
nitish286.png,CG 07 AJ 3911
nitish287.png,CG 07 BE 741
nitish288.png,CG 07 AX 0985
nitish289.png,CG 07 DC 2696
nitish290.png,CG 07 CC 5139
nitish291.png,CG 07 AW 6542
nitish293.png,CG 07 AN 5514
nitish294.png,CG 07 AH 5177
nitish296.png,CG 07 BT 1395
nitish298.png,OR 14 J 2911
nitish30.png,CG 07 CV 5406
nitish303.png,CG 07 CR 1252
nitish305.png,CG 04 X 6720
nitish306.png,CG 07 AW 4211
nitish308.png,CG 07 AN 4750
nitish309.png,CG 07 BF 1412
nitish311.png,CG 07 AT 4044
nitish314.png,CG 07 CN 8325
nitish315.png,CG 07 AL 6357
nitish316.png,CG 07 BU 5086
nitish319.png,CG 07 AU 2054
nitish32.png,CG 07 BH 3665
nitish320.png,CG 07 AU 9672
nitish323.png,CG 07 MA 6188
nitish324.png,CG 07 MA 1917
nitish325.png,CG 07 M 3172
nitish327.png,CG 04 CS 4064
nitish331.png,CG 07 M 3451
nitish332.png,CG 04 RC 6923
nitish333.png,CG 07 BB 2546
nitish335.png,MP 53 CA 1381
nitish336.png,CG 07 BL 8206
nitish338.png,CG 07 CP 1126
nitish34.png,CG 05 AE 8313
nitish342.png,CG 07 M 4089
nitish343.png,CG 04 CX 1122
nitish344.png,CG 07 L 5000
nitish345.png,CG 07 AX 0463
nitish348.png,CG 07 AA 3853
nitish352.png,CG 07 CF 0001
nitish355.png,CG 07 BM 9905
nitish358.png,CG 18 K 2400
nitish359.png,CG 07 AS 2847
nitish360.png,CG 07 DX 5302
nitish361.png,CG 07 CH 6329
nitish362.png,GD 22 AC 4445
nitish363.png,CG 07 AL 7826
nitish365.png,CG 07 AL 4476
nitish368.png,CG 07 CL 8009
nitish371.png,CG 07 BX 9220
nitish374.png,CG 07 CD 9643
nitish376.png,CG 07 M 4085
nitish378.png,CG 04 DC 6390
nitish38.png,CG 07 LL 0374
nitish382.png,CG 11 AF 2749
nitish383.png,CG 07 AM 9915
nitish385.png,CG 07 CF 6688
nitish388.png,CG 07 LA 5730
nitish390.png,MF 15 J 0200
nitish391.png,WB 38 AB 4957
nitish393.png,CG 07 CL 7260
nitish394.png,CC 25 J 8398
nitish395.png,DD 01 G 053
nitish397.png,CG 07 MA 8136
nitish399.png,CG 07 AT 5544
nitish4.png,TR 67 LX 7835
nitish400.png,CG 07 BG 7714
nitish402.png,CG 07 CL 9629
nitish404.png,CG 07 LU 0795
nitish405.png,CG 07 CN 7946
nitish406.png,CG 07 AC 8933
nitish407.png,CG 07 CD 6738
nitish408.png,CG 07 CX 5335
nitish410.png,GG 07 LF 4237
nitish411.png,CG 04 QC 0659
nitish412.png,CG 04 HC 1477
nitish418.png,CG 07 CD 665
nitish419.png,CG 07 CX 0561
nitish420.png,CG 07 CF 6688
nitish421.png,DC 07 CK 5522
nitish422.png,CG 07 BZ 0625
nitish425.png,CG 07 BL 3129
nitish428.png,GG 07 BS 3137
nitish43.png,CG 07 AK 0867
nitish435.png,CG 07 AH 6110
nitish436.png,CG 08 R 2818
nitish439.png,CG 07 MB 3454
nitish44.png,CG 04 NN 5612
nitish440.png,CG 07 AX 9605
nitish441.png,CG 07 CN 7329
nitish443.png,CG 07 CT 9308
nitish446.png,CG 07 MB 0344
nitish447.png,CG 07 LH 5088
nitish448.png,DG 07 CY 9400
nitish449.png,CG 07 BE 0847
nitish450.png,CG 07 CP 9033
nitish451.png,CG 07 M 3451
nitish453.png,CG 07 CH 860
nitish46.png,CG 07 AX 4101
nitish460.png,CG 07 CS 1564
nitish462.png,CG 07 DD 6005
nitish463.png,CG 07 AW 2065
nitish466.png,CG 07 UG 6660
nitish468.png,CG 11 UH 1013
nitish469.png,CG 07 AS 4149
nitish472.png,CG 07 F 5938
nitish473.png,CG 07 G 928
nitish475.png,CG 07 MB 0577
nitish477.png,CG 07 CN 1007
nitish478.png,CG 07 CQ 9552
nitish48.png,CC 07 CG 7639
nitish480.png,CG 07 AN 3481
nitish482.png,CG 07 DF 7173
nitish483.png,JH 09 BF 1206
nitish484.png,CG 04 JD 4932
nitish485.png,CG 07 CV 6686
nitish486.png,MP 18 CA 6352
nitish487.png,CG 07 AY 8020
nitish49.png,CG 07 BX 2001
nitish493.png,CG 07 BR 3127
nitish494.png,CG 07 BK 6325
nitish498.png,CG 04 PU 2220
nitish499.png,CG 04 HC 1
nitish500.png,CG 04 NB 0798
nitish502.png,CG 07 CU 0766
nitish504.png,CG 04 NA 6699
nitish506.png,CG 07 LY 8089
nitish507.png,CG 07 CX 0317
nitish508.png,CG 07 CE 6137
nitish510.png,CG 04 QC 0659
nitish512.png,CG 07 BL 3129
nitish513.png,CG 07 CK 0317
nitish514.png,CG 07 BY 4292
nitish517.png,CG 07 CQ 9966
nitish518.png,CC 07 J 6145
nitish519.png,CG 07 C 8051
nitish526.png,CG 07 AR 0403
nitish527.png,CG 07 CD 7224
nitish528.png,CG 07 A 2978
nitish529.png,CG 07 B 7510
nitish530.png,CG 07 AS 5565
nitish533.png,CG 07 CX 7549
nitish538.png,CG 07 CP 4963
nitish539.png,CG 04 MZ 7131
nitish54.png,CG 04 QC 0659
nitish543.png,CG 07 LD 3101
nitish544.png,CG 07 LP 3546
nitish545.png,CG 07 AU 6266
nitish546.png,CG 07 MN 0721
nitish547.png,CG 07 LU 6448
nitish548.png,CG 07 AP 2104
nitish55.png,CG 07 AT 1009
nitish550.png,CG 07 M 9426
nitish551.png,CG 07 CS 1027
nitish553.png,JH 10 CH 5072
nitish554.png,CG 04 PC 9306
nitish555.png,CG 07 AS 5565
nitish558.png,CG 07 CL 9079
nitish559.png,CG 07 CY 2766
nitish560.png,24 BH 6126 L
nitish561.png,CG 07 CJ 6298
nitish564.png,CG 07 AS 2847
nitish565.png,CG 07 BR 3684
nitish566.png,CG 07 AC 8933
nitish567.png,JH 02 X 0992
nitish57.png,CG 07 LA 3405
nitish58.png,CG 07 LW 8071
nitish6.png,CG 04 HK 910
nitish60.png,CO 07 CJ 1019
nitish61.png,CG 07 BH 6985
nitish69.png,CG 07 AS 4679
nitish7.png,CC 07 DT 2988
nitish71.png,DL 75 DS 566
nitish74.png,CG 07 C 6223
nitish75.png,CG 04 HK 9104
nitish8.png,CG 07 MB 0822
nitish82.png,CG 07 CC 7003
nitish85.png,JN 09 X 0549
nitish86.png,JH 09 DF 1206
nitish9.png,CG 07 CJ 9680
nitish97.png,CD 07 CH 6253
