Filename,License_Plate_Source1,License_Plate_Source2,License_Plate_Source3
nitish0.png,CG07CR8075,CG07R 8075,CG07CRB075
nitish1.png,CG07UC5422,CG 07UC 5422,CG 07UC 5222
nitish10.png,CG07RX4485,CG07R 44405,CGU794485
nitish100.png,7AM1753,07AN6752,07AH-1753
nitish103.png,CG07BG1637,CG-0786-1537,CG-07BG-1637
nitish104.png,,,987654321
nitish108.png,CG07LT5915,CG-07LT-5915,CG07LT915
nitish111.png,,100,0123456789
nitish112.png,CG07MB3212,CG07MB3212,CG07MB3212
nitish113.png,CG47CM521,CC 07CH 4521,CQ-7CH-4571
nitish114.png,FCG07CT9803,FG-47CT-9002,697410
nitish118.png,CG07LD0721,CG 07LD 9721,CG 07LB 9721
nitish121.png,CG07M4479,CG07M44479,CG07M4479
nitish125.png,CG07BR5291,CGO7BR5291,CG07BR5291
nitish126.png,CG07AE8746,CC 07AE-8746,CC07AE8746
nitish127.png,GO7A5104,MG 07A 5104,07A 9484
nitish129.png,CG0SD501,CG 01 R 50 14,CG041R501A
nitish13.png,,N 9 9 9 9,CGG748
nitish131.png,CG07BB5153,CG-0788-5153,CG-0780-5153
nitish132.png,CG04HM6188,CGO4HM6188,CG04HM6188
nitish134.png,CG07D2917,CG077R2917,MG07C 02917
nitish135.png,CG07F7597,CG-07 F-2597,CG-07 F-7597
nitish140.png,CG07LK5738,CG 07LK 5730,CG-07LK-5738
nitish141.png,CG07BJ1063,UC6-UW-1053,6CG-07061953
nitish142.png,GO7CN0249,NEC 07CHED24,BC-07CV-0240
nitish143.png,CG07CI1730,C6076,CG07C11736
nitish144.png,CG07CK7085,-CG07C-K7005,CG07CKZ005
nitish145.png,CG07CX0202,CG-07C1-0203,CG-07CX-0724
nitish146.png,JH09X0549,JH09 X 0549,JH09X0549
nitish148.png,CG07MA1697,CGO7HA1697,CG07MA1697
nitish149.png,CG07CJ0566,C G07 CJ056,CG07CJ0566
nitish15.png,LD07CD5016,80-APCK-9616,01-3261-9015
nitish150.png,CG07AF1030,C6074F1030,CG07AF1030
nitish158.png,CG07BE0607,CGO7BE0607,CG07BE0607
nitish16.png,CG70Z021,60370-0219,064702-0119
nitish161.png,CG07LD2901,CG-07-0-2901,BCR-97LQ-2901
nitish162.png,CG075066,CG 07 5066,CG 07 5066
nitish163.png,CD07DP0209,CO-07IP-0209,SG-07HP-289
nitish166.png,GO7LX3500,CG-07L-3500,CG-071X-3508
nitish169.png,,CD-11PCE-4216,651-148-4218
nitish170.png,CG08R2818,CGO8R2818,CG08R2818
nitish171.png,CG07LB8358,CG-07LB-0358,CG-07LB-058
nitish177.png,CDJ7CT0012,08J7CT-4012,C6J7CT4812
nitish178.png,CG07LH0960,CG-07DN-19SD,CS-07LH-355
nitish179.png,CG07CS1538,CGO7CS1538,CG07CS1538
nitish18.png,CG07MA2629,CGO7HA2629,CG07MA2629
nitish182.png,CO07DG7714,CO-07BG-7714,CO-0706-2714
nitish186.png,,05F0ZDY-2019,CG-701-019
nitish187.png,BG07K3406,CG 07K 3468,6G07K348E
nitish189.png,GO7LU7622,UCG-07LU-7622,CG-07LU-7522
nitish193.png,CD07D922,CG 070 322,CD 07D 9221
nitish2.png,,1030,CLOT 1830
nitish201.png,CD07OZ021,80071212110,СМ4702-0210
nitish203.png,CG07CT3061,CG07C T3061,CG07CT3061
nitish204.png,CD07LH0272,CO-07LA-3272,07LV-9772
nitish207.png,CG07LZ9618,CG-971-Z-9619,CG-07LZ 3619
nitish209.png,CG07Z0134,CG070 20134,CG070 ZD134
nitish211.png,CG07BD2954,CG-07BD-2954,CG-078D-2554
nitish213.png,CG07AP0401,CG07APO401,CG07AP0401
nitish215.png,07CH0170,CE-07CH-0170,CQ-07CH-0170
nitish217.png,GO7CY2317,CG-07 CY-2317,CG-07CY-3317
nitish218.png,CO07CC140,CO 07 CC 1400,CA07CC1480
nitish220.png,CG07LH2751,CG 07 LL 2751,CQ 07 LH 2751
nitish222.png,GO7LD0101,CG-07LD-2101,CG-07LD-4101
nitish224.png,CG04MH4295,CGO4NH4295,CG04NH4295
nitish226.png,CG07LT9753,CG-07L-T-9753,CG-07LT-9753
nitish229.png,CG11AR5830,GC-11AR-5030,CC-114AP-5030
nitish23.png,CG07CH0919,C607CH0919,CG07CH0919
nitish230.png,GO4NF5294,CG 02NF 5294,CG02NF529
nitish231.png,CG07BJ7615,CG-37100-7615,66-07-7615
nitish232.png,CG07AP3001,EG-07AP-3001,CG-07AP-3081
nitish24.png,CG07K8071,CG078,CG07BK8071
nitish245.png,CG05A1075,CB-05AN-0754,FG-05AH-0754
nitish249.png,CC07BG2490,CG-07BG 2690,CC-07BG249D
nitish251.png,JH09X0549,JH09 X 0549,JH09X0549
nitish252.png,,,456
nitish253.png,OG07LK8510,CG-07K 9510,CG-07LK-951D
nitish257.png,QG07AS9503,OG-02AS 9503,0G-07AS 9503
nitish258.png,CG04KD3307,CG-04XD-3307,CG04KB3307
nitish259.png,CG11A3021,CG 11 6 4 = 302 11,CG-11A-3721
nitish26.png,CG07CN0173,BIG DZER 1773,CG07CH017A
nitish260.png,CGN210,CG25 N 2101,CG22-H-201
nitish261.png,JH09BJ8454,JH09BJ8454,JH09BJ8454
nitish267.png,CB07CG9687,CG 07CG 9687,07CG9687
nitish269.png,CG07CH1075,C6 07 CH 1075,C607CH1075
nitish27.png,WB40U6417,WB40U6417,WB 40U6417
nitish272.png,CG07BD2954,CG 0780 2954,CG 07BD 2954
nitish273.png,CG07LK3510,CG-07LK-1510,CG-07LK 9510
nitish275.png,GG07AH1245,CS-07-2145,GG-07AH-1245
nitish276.png,CG07AT9858,CG-07AT-9858,CG-07AT-985B
nitish277.png,,181,81
nitish278.png,JH09X0549,JH09 X 0549,JH09X0549
nitish280.png,CG07B4915,CG-07B-4915,CC07864315
nitish281.png,DG07K3436,06 02 6 3296,007K3435
nitish282.png,JH09BH2888,JH09BH2888,JH09BH2888
nitish283.png,CG24S3184,CG 20S 3184,DG-24S-181
nitish284.png,CG07F5930,CG 07 F 5930,CG 07 F 5930
nitish286.png,GO7AJ3911,CG-07AJ-3911,CG-07AJ-3911
nitish287.png,CG07BE741,CG-0286-74111,CG-07BE 7411
nitish288.png,CG07AX0985,CG07A X0985,CG07AX0985
nitish289.png,CG07DC2696,CG078 C2696,CG078C2G96
nitish290.png,CG07CC5139,CG07CC5139,CG07CC5139
nitish291.png,CG07AW6542,CG-07AH-6542,CG07AM6542
nitish293.png,CG07AN5514,CGO7AN5574,CG07AN5514
nitish294.png,CG07AH5177,CG 07AN S177,CG-07AR 5173
nitish296.png,CG07BT1395,26078131395,C607BT135
nitish298.png,OR14J2911,OR-14J-2911,OR-14J-2911
nitish30.png,CG07CV5406,CG07C Y5406,CG07CV5406
nitish303.png,CG07CR1252,CG07CR1252,CG07CR1252
nitish305.png,CG076720,CG-04X6720,CG-071672D
nitish306.png,CG07AW4211,CG-07-A-42-11,CG-07AH-4211
nitish308.png,CG07AN4750,CG 07411 750,CG 07AH 4750
nitish309.png,CG07BF1412,CGO7BF1412,CG07BF1412
nitish31.png,CG07BO5807,CG 6880 5802,CG78950Z
nitish310.png,CG07CT17AA,CG+02CT+97AM,LCG07LT-974A
nitish311.png,CG07AT4044,CGO7AT4044,CG07AT4044
nitish314.png,CG07CN8325,CG07CN8325,CG07CN8325
nitish315.png,CG07AL6357,CG-07AL 6357,CG-D7AL 6357
nitish316.png,CG07BU5086,CG07BU5086,CG07BU5086
nitish319.png,CG07AU2054,CG-07U-2054,CG-07AU-2054
nitish32.png,CG07BH3665,CG 0783 3665,CG 07BH 3665
nitish320.png,CG07AU9672,CG-07AU-9672,CG-07AU-9672
nitish321.png,CG07LO4970,CG07L 42970,CG07L R4970
nitish322.png,CG07LSP326,CG-471-S 3326,CG4719E326
nitish323.png,CG07MA6188,CGO7MA6188,CG07MA6188
nitish324.png,CG07MA1917,CG07MA1917,CG07MA1917
nitish325.png,CG07M3172,CG07M3172,CG07M3172
nitish327.png,CG04CS4064,CG 0ACS 4084,CC04CS106A
nitish331.png,CG07M3451,CG07M3451,CG07M3451
nitish332.png,CG04RC6923,CG DANC 6923,CG 04RC 6923
nitish333.png,CG07BB2546,CG07BB2546,CG07BB2546
nitish335.png,MP53CA1381,MP53CA1381,MP53CA1381
nitish336.png,CG07BL8206,CGO7BL8206,CG07BL8206
nitish338.png,CG07CP1126,CG07CP1126,CG07CP1126
nitish34.png,CG05AE8313,CG 05AE 8313,CG-05AE 8913
nitish342.png,CG07M4089,CG07M4089,CG07M4089
nitish343.png,CG04CX1122,CGO4CX1122,CG04CX1122
nitish344.png,CG07L5000,CG 07 L 5000,GG 07 L 5000
nitish345.png,CG07AX0463,CG07AX0463,CG07AXO463
nitish348.png,CG07AA3853,CG 3251 3893,CG 241X 3850
nitish351.png,07AX0679,07211 0679,C0711067
nitish352.png,CG07CF0001,CG 07CF 0001,0017CF001
nitish354.png,GI7CJ0013,05-1964-2019,CG-7CJ-0019
nitish355.png,CG07BM9905,LG-078N-9905,CG-07BM-9905
nitish356.png,GDTLR0744,103-0772-0744,6707LR077L
nitish358.png,CG18K2400,CG18K2400,CG18K2400
nitish359.png,CG07AS2847,CG07 AS 2847,CG 07 AS 2847
nitish360.png,CG07DX5302,CG 07DX-5302,CG97DX5302
nitish361.png,CG07CH6329,CG07CH6329,CG07CH6329
nitish362.png,GD22AC4445,CB22 AC 4415,CD22 AC4415
nitish363.png,CG07AL7826,CGO7AL7826,CG07AL7826
nitish365.png,CG07AL4476,CG07AL42761,CG-07AL-4475
nitish368.png,CG07CL8009,CG07CL8009,CG07CL8009
nitish371.png,CG07BX9220,CG07BX9220,CG07BX9220
nitish374.png,CG07CD9643,CG07C 9643,CGD7C99643
nitish376.png,CG07M4085,CG07H4085,CG07M4085
nitish378.png,CG04DC6390,CG-0-10C-6390,CG-04DC-6350
nitish38.png,CG07LL0374,CG-077L-037,CG-07LL-037Z
nitish381.png,,126,C0726
nitish382.png,CG11AF2749,CG11AF2749,CG11AF2749
nitish383.png,CG07AM9915,CG-07AN-98S,MC-07AM-9915
nitish385.png,CG07CF6688,CG07CF6688,CG07CF6688
nitish388.png,CG07LA5730,CGO/L57J0,CG07LA5730
nitish390.png,MP1J0200,MF 15 J 0200,HP154200
nitish391.png,WB38AB4957,WB38AB4957,WB38AB4957
nitish393.png,CG07CL7260,CG07C L7260,C607CL7260
nitish394.png,CC25J8398,CG 251 8398,CL 25J 8998
nitish395.png,DD01G053,00*0160517,0016857
nitish397.png,CG07MA8136,CGO7MA8136,CG07MA8136
nitish399.png,CG07AT5544,CGO7AT5544,CG07AT5544
nitish4.png,,TR 67 LX 7835,TH 07 HEX 7355
nitish400.png,CG07BG7714,OG-0278G-7711,CG-070G-7714
nitish402.png,CG07CL9629,CG07CL9629,CG07CL9629
nitish404.png,GO7LU0795,CG 07LU 0795,CG07LU0795
nitish405.png,CG07CN7946,CG07CN7946,CG07CN7946
nitish406.png,CG07AC8933,CG 07AC 8933,CG07AC9933
nitish407.png,CG07CD6738,CG07CD6738,CG07CD6738
nitish408.png,CG07CX5335,C6072X5339,CG07CX5339
nitish410.png,GG07LF4237,EG 07LF 4297,CG 0ZLF 4297
nitish411.png,CG04QC0659,CGO40CO659,CG040C0659
nitish412.png,CG04HC1477,CG04HC1477,CG04HC1477
nitish413.png,0N569,569,790-369
nitish418.png,CG07CD665,NG 07 C 0 0 6 5 1,6G07CU6651
nitish419.png,CG07CX0561,CG-07CX-0581,LG-07CX-056
nitish420.png,CG07CF6688,CG07CF6688,CG07CF6688
nitish421.png,DC07CK5522,CG-0726K-5922,CGP07CK552
nitish422.png,CG07BZ0625,CGO7BZ0625,CG07BZ0625
nitish424.png,CG08300900,CG-08341-0900,CG-0040-0900
nitish425.png,CG07BL3129,L3129,GGO79L3129
nitish427.png,CG07881,CGOT BE 12717,CGD7HBE
nitish428.png,GO7BS313,GG07 BS 3137,CG07 DS 319
nitish43.png,CG07AK0867,CG-07411867,CG-074M-0867
nitish435.png,CG07AH6110,CG-07AH-S110,CG-07AH-8110
nitish436.png,CG08R2818,CGO8R2818,CG08R2818
nitish439.png,CG07MB3454,CGO7HB3454,CG07MB3454
nitish44.png,CG04NN5612,CG-04-XXN-SG12,CO-04MN-5612
nitish440.png,CG07AX9605,CG 07AX 3605,CG 07AX 9605
nitish441.png,CG07CN7329,06 07 CN 9329,67-074939
nitish443.png,CG07CT9308,CG 07CT 9008,CG 07CT 9500
nitish446.png,CG07MB0344,CG07 MB 0344,CG 07 MB 0344
nitish447.png,CG07LH5088,CG-07LH-5089,CG-07L45089
nitish448.png,DG07CY9400,GEOCY-9400,CG07CY9481
nitish449.png,CG07BE0847,CG-079E-08&7,CG-07BE-08Z
nitish450.png,CG07CP9033,CG07CP90033,CG07CP9033
nitish451.png,CG07M3451,CG07M3451,CG07M3451
nitish452.png,7DT9174,079 724,67119874
nitish453.png,CG07CH860,C6077,CG07CN960A
nitish458.png,MA8793,60767MA8793,CGG7MA8793
nitish46.png,CG07AX4101,CG07A X4101,CG07AX4101
nitish460.png,CG07CS1564,CG07CS1564,CG07CS1564
nitish461.png,CO7BZ8793,00 7 82 9 793,078Z99
nitish462.png,CG07DD6005,CB 07200 59058,CG-0700-9015
nitish463.png,CG07AW2065,CG D7AN 2065,CGD7AH2065
nitish466.png,CG07UG6660,CG 0720 GBGD,CG 070G 666D
nitish468.png,CG11UH1013,CG-13+UH-1-1013,CG13UH1013
nitish469.png,CG07AS4149,CG07 AS 2149,LG07AS2149
nitish472.png,CG07F5938,CG-07 F-5938,CC-07 F 5938
nitish473.png,CG07O9228,GG 076 3228,CG 07G 928
nitish475.png,CG07MB0577,CG07MB0577,CG07MB0577
nitish477.png,CG07CN1007,CG 07CN 1002,07GM1007
nitish478.png,CG07CQ9552,CG07C09552,CG07C9552
nitish48.png,CC07CG7639,CC-07CG-7639,6AC0706731
nitish480.png,CG07AN3481,CG-07AN-34811,CG-07AN3491
nitish481.png,,,061
nitish482.png,CG07DF7173,CG 0ZOF 7123,CG07DF7173
nitish483.png,JH09BF1206,JH09BF1206,JH09BF1206
nitish484.png,CG04JD4932,CG-04 JD-4932,CG-04 JD 4932
nitish485.png,CG07CV6686,CG-07CY-6686,66-07CV-5686
nitish486.png,MP18CA6352,MP18CA6352,MP18CA635Z
nitish487.png,CG07AY8020,CGO7AY8020,CC07AY8020
nitish49.png,CG07BX2001,CG-0279-2001,CG-078X-2001
nitish493.png,CG07BR3127,CGG7BR3127,CGG7BR3127
nitish494.png,CG07BK6325,CG07BK6325,CG07BK6325
nitish495.png,9,109,09
nitish498.png,CG04PU2220,C60APU2220,CG04PU2220
nitish499.png,CG04HC,CG04HC1,CG04HC1
nitish500.png,CG04NB0798,CG 04 NB 0798,CG 04 NB 0798
nitish502.png,CG07CU0766,CG07CU0766,CG07CU0766
nitish504.png,CG04NA6699,CGO4NA6699,CG04NA6699
nitish505.png,CG0708,8408,8408
nitish506.png,CG07LY8089,0809,CG 07LY 8093
nitish507.png,CG07CX0317,CGD7CK0917,CG07CKO317
nitish508.png,CG07CE6137,CG-07CE-6127,CG-07CE-5137
nitish510.png,CG04QC0659,CGO40CO659,CG04QCD659
nitish512.png,CG07BL3129,C6079 L3129,CG079L3129
nitish513.png,CG07CK0317,CG07CKD317,CG07CK0317
nitish514.png,CG07BY4292,CG 07BY 4292,CO07BY4292
nitish516.png,CO7AV3951,CC-07AY-39151,07AY351
nitish517.png,CG07CQ9966,CG07CCQ9966,CG07CQ9966
nitish518.png,CC07J6145,CO 0211 6149,00-0741-6145
nitish519.png,CG078051,CG-07-C 8051,CG-07-C 8051
nitish526.png,CG07AR0403,CG 0728 9403,CGDZAR0203
nitish527.png,CG07CD7224,CG07CD7224,CG07CD7224
nitish528.png,CG07A2978,CG07 GA2978,CG07CA2978
nitish529.png,CG07B7510,CG07BM 7510,CG07BM 7510
nitish53.png,GD0BF2735,GO OF BF 2735,6007BF2735
nitish530.png,CG07AS5565,EG07A S5565,CG07AS5565
nitish533.png,CG07CX7549,CG 072 CX 7549,GG 074X 7549
nitish535.png,CG00120,CGO 8120,CG01FZ
nitish538.png,CG07CP4963,CG07C P4963,C607CP4963
nitish539.png,CG04MZ7131,CGO4MZ7131,CG04MZ7131
nitish54.png,CG04QC0659,CG04QCO659,CG040C0659
nitish543.png,CG07LD3101,CG-07LD-3101,CG-07LD-3101
nitish544.png,CG07LP3546,CGO7L P3546,CG07LP3546
nitish545.png,CG07AU6266,CGO7AU6266,CG07AU6266
nitish546.png,GO7AH0702,CG-07MN-0721,CC-07AH 9702
nitish547.png,CG07LU6448,CG-07LU-6248,CG-07LU-6248
nitish548.png,CG07AP2104,CC07 AP 2104,CG07AP2104
nitish55.png,CG07AT1009,CG-07-1-2009,CG07AT309
nitish550.png,CG07M9426,CGO7M9426,CG07M9426
nitish551.png,CG07CS1027,CG07CS1027,CG07CS1027
nitish553.png,JH10CH5072,JH-10CH 5072,JH-10CH-5072
nitish554.png,CG04PC9306,CGO4PC9306,CG04PC9306
nitish555.png,CG07AS5565,CG07A S5565,CGD7AS5565
nitish558.png,GO7CL9079,CG-07CL-9079,CG-07CL-9070
nitish559.png,CG07CY2766,CG-0/7 CY-02 7566,CGU7CVZ56
nitish560.png,24BH6126,24 BH 6126L,24 BH 6126L
nitish561.png,CG07CJ6298,CG-07 CJ 6288,CG-07-CJ-6298
nitish563.png,GO7CY0491,CG07Y-34991,0G07EYJ491
nitish564.png,CG07AS2847,CG07 AS 2847,CG 07 AS 2847
nitish565.png,CG07BR3684,CGO7BR3684,CG07BR3684
nitish566.png,CG07AC8933,CG 07 AC 8333,CG 07AC 833
nitish567.png,JH02X0992,JH02X0992,JHDZ-X-9992
nitish57.png,CG07LA3405,CG07LA3405,CG 07LA 3405
nitish58.png,CG07LW8071,CG-074-9077,CG-07LV-8G71
nitish59.png,GO7BH1807,CIS-07861-9002,CB-076H-9897
nitish6.png,CG04HK910,CGO4HK9104,CG04HK9104
nitish60.png,CO07CJ1019,CO-07CJ-0019,CD-07E-1019
nitish61.png,CG07BH6985,CG07B AG385,CG078A6985
nitish69.png,CG07AS4679,CGO7AS4679,CG07AS4679
nitish7.png,CC07DT2988,CE 0201 2908,CD 07DT 2988
nitish70.png,CG07OP1094,CG 070P 1094,CG 070P 1034
nitish71.png,DL7SDS5664,DL-75 DS 566,0LZ5DS5664
nitish74.png,CG07622,CG.07 C.6223,CG07622X
nitish75.png,CG04HK9104,CGO4HK9104,CG04HK9104
nitish78.png,CG071812,CG 07 1812,CG 07 1812
nitish8.png,CG07MB0822,CG07MB0822,CG07MB0822
nitish82.png,CG07CC7003,CG07CC7003,CG07CC7003
nitish85.png,HO9A0549,JN09 X 0549,JH09X0549
nitish86.png,JH09DF1206,JH09BF1206,JH09DF120S
nitish9.png,CG07CJ9680,CG07C J9680,CG07CJ9680
nitish91.png,CG07C76406,C6074,CG07C 95408
nitish93.png,GO7LT7415,FG071741515,FG0717415
nitish97.png,CD07CH6253,COP 07CM 6257,CC-07CM-6253
