Filename,License Plate
nitish0.png,CG07R 8075
nitish1.png,CG 07UC 5422
nitish10.png,CG07R 44405
nitish100.png,07AN6752
nitish103.png,CG-0786-1537
nitish104.png,
nitish108.png,CG-07LT-5915
nitish111.png,100
nitish112.png,CG07MB3212
nitish113.png,CC 07CH 4521
nitish114.png,FG-47CT-9002
nitish118.png,CG 07LD 9721
nitish121.png,CG07M44479
nitish125.png,CGO7BR5291
nitish126.png,CC 07AE-8746
nitish127.png,MG 07A 5104
nitish129.png,CG 01 R 50 14
nitish13.png,N 9 9 9 9
nitish131.png,CG-0788-5153
nitish132.png,CGO4HM6188
nitish134.png,CG077R2917
nitish135.png,CG-07 F-2597
nitish140.png,CG 07LK 5730
nitish141.png,UC6-UW-1053
nitish142.png,NEC 07CHED24
nitish143.png,C6076
nitish144.png,-CG07C-K7005
nitish145.png,CG-07C1-0203
nitish146.png,JH09 X 0549
nitish148.png,CGO7HA1697
nitish149.png,C G07 CJ056
nitish15.png,80-APCK-9616
nitish150.png,C6074F1030
nitish158.png,CGO7BE0607
nitish16.png,60370-0219
nitish161.png,CG-07-0-2901
nitish162.png,CG 07 5066
nitish163.png,CO-07IP-0209
nitish166.png,CG-07L-3500
nitish169.png,CD-11PCE-4216
nitish170.png,CGO8R2818
nitish171.png,CG-07LB-0358
nitish177.png,08J7CT-4012
nitish178.png,CG-07DN-19SD
nitish179.png,CGO7CS1538
nitish18.png,CGO7HA2629
nitish182.png,CO-07BG-7714
nitish186.png,05F0ZDY-2019
nitish187.png,CG 07K 3468
nitish189.png,UCG-07LU-7622
nitish193.png,CG 070 322
nitish2.png,1030
nitish201.png,80071212110
nitish203.png,CG07C T3061
nitish204.png,CO-07LA-3272
nitish207.png,CG-971-Z-9619
nitish209.png,CG070 20134
nitish211.png,CG-07BD-2954
nitish213.png,CG07APO401
nitish215.png,CE-07CH-0170
nitish217.png,CG-07 CY-2317
nitish218.png,CO 07 CC 1400
nitish220.png,CG 07 LL 2751
nitish222.png,CG-07LD-2101
nitish224.png,CGO4NH4295
nitish226.png,CG-07L-T-9753
nitish229.png,GC-11AR-5030
nitish23.png,C607CH0919
nitish230.png,CG 02NF 5294
nitish231.png,CG-37100-7615
nitish232.png,EG-07AP-3001
nitish24.png,CG078
nitish245.png,CB-05AN-0754
nitish249.png,CG-07BG 2690
nitish251.png,JH09 X 0549
nitish252.png,
nitish253.png,CG-07K 9510
nitish257.png,OG-02AS 9503
nitish258.png,CG-04XD-3307
nitish259.png,CG 11 6 4 = 302 11
nitish26.png,BIG DZER 1773
nitish260.png,CG25 N 2101
nitish261.png,JH09BJ8454
nitish267.png,CG 07CG 9687
nitish269.png,C6 07 CH 1075
nitish27.png,WB40U6417
nitish272.png,CG 0780 2954
nitish273.png,CG-07LK-1510
nitish275.png,CS-07-2145
nitish276.png,CG-07AT-9858
nitish277.png,181
nitish278.png,JH09 X 0549
nitish280.png,CG-07B-4915
nitish281.png,06 02 6 3296
nitish282.png,JH09BH2888
nitish283.png,CG 20S 3184
nitish284.png,CG 07 F 5930
nitish286.png,CG-07AJ-3911
nitish287.png,CG-0286-74111
nitish288.png,CG07A X0985
nitish289.png,CG078 C2696
nitish290.png,CG07CC5139
nitish291.png,CG-07AH-6542
nitish293.png,CGO7AN5574
nitish294.png,CG 07AN S177
nitish296.png,26078131395
nitish298.png,OR-14J-2911
nitish30.png,CG07C Y5406
nitish303.png,CG07CR1252
nitish305.png,CG-04X6720
nitish306.png,CG-07-A-42-11
nitish308.png,CG 07411 750
nitish309.png,CGO7BF1412
nitish31.png,CG 6880 5802
nitish310.png,CG+02CT+97AM
nitish311.png,CGO7AT4044
nitish314.png,CG07CN8325
nitish315.png,CG-07AL 6357
nitish316.png,CG07BU5086
nitish319.png,CG-07U-2054
nitish32.png,CG 0783 3665
nitish320.png,CG-07AU-9672
nitish321.png,CG07L 42970
nitish322.png,CG-471-S 3326
nitish323.png,CGO7MA6188
nitish324.png,CG07MA1917
nitish325.png,CG07M3172
nitish327.png,CG 0ACS 4084
nitish331.png,CG07M3451
nitish332.png,CG DANC 6923
nitish333.png,CG07BB2546
nitish335.png,MP53CA1381
nitish336.png,CGO7BL8206
nitish338.png,CG07CP1126
nitish34.png,CG 05AE 8313
nitish342.png,CG07M4089
nitish343.png,CGO4CX1122
nitish344.png,CG 07 L 5000
nitish345.png,CG07AX0463
nitish348.png,CG 3251 3893
nitish351.png,07211 0679
nitish352.png,CG 07CF 0001
nitish354.png,05-1964-2019
nitish355.png,LG-078N-9905
nitish356.png,103-0772-0744
nitish358.png,CG18K2400
nitish359.png,CG07 AS 2847
nitish360.png,CG 07DX-5302
nitish361.png,CG07CH6329
nitish362.png,CB22 AC 4415
nitish363.png,CGO7AL7826
nitish365.png,CG07AL42761
nitish368.png,CG07CL8009
nitish371.png,CG07BX9220
nitish374.png,CG07C 9643
nitish376.png,CG07H4085
nitish378.png,CG-0-10C-6390
nitish38.png,CG-077L-037
nitish381.png,126
nitish382.png,CG11AF2749
nitish383.png,CG-07AN-98S
nitish385.png,CG07CF6688
nitish388.png,CGO/L57J0
nitish390.png,MF 15 J 0200
nitish391.png,WB38AB4957
nitish393.png,CG07C L7260
nitish394.png,CG 251 8398
nitish395.png,00*0160517
nitish397.png,CGO7MA8136
nitish399.png,CGO7AT5544
nitish4.png,TR 67 LX 7835
nitish400.png,OG-0278G-7711
nitish402.png,CG07CL9629
nitish404.png,CG 07LU 0795
nitish405.png,CG07CN7946
nitish406.png,CG 07AC 8933
nitish407.png,CG07CD6738
nitish408.png,C6072X5339
nitish410.png,EG 07LF 4297
nitish411.png,CGO40CO659
nitish412.png,CG04HC1477
nitish413.png,569
nitish418.png,NG 07 C 0 0 6 5 1
nitish419.png,CG-07CX-0581
nitish420.png,CG07CF6688
nitish421.png,CG-0726K-5922
nitish422.png,CGO7BZ0625
nitish424.png,CG-08341-0900
nitish425.png,L3129
nitish427.png,CGOT BE 12717
nitish428.png,GG07 BS 3137
nitish43.png,CG-07411867
nitish435.png,CG-07AH-S110
nitish436.png,CGO8R2818
nitish439.png,CGO7HB3454
nitish44.png,CG-04-XXN-SG12
nitish440.png,CG 07AX 3605
nitish441.png,06 07 CN 9329
nitish443.png,CG 07CT 9008
nitish446.png,CG07 MB 0344
nitish447.png,CG-07LH-5089
nitish448.png,GEOCY-9400
nitish449.png,CG-079E-08&7
nitish450.png,CG07CP90033
nitish451.png,CG07M3451
nitish452.png,079 724
nitish453.png,C6077
nitish458.png,60767MA8793
nitish46.png,CG07A X4101
nitish460.png,CG07CS1564
nitish461.png,00 7 82 9 793
nitish462.png,CB 07200 59058
nitish463.png,CG D7AN 2065
nitish466.png,CG 0720 GBGD
nitish468.png,CG-13+UH-1-1013
nitish469.png,CG07 AS 2149
nitish472.png,CG-07 F-5938
nitish473.png,GG 076 3228
nitish475.png,CG07MB0577
nitish477.png,CG 07CN 1002
nitish478.png,CG07C09552
nitish48.png,CC-07CG-7639
nitish480.png,CG-07AN-34811
nitish481.png,
nitish482.png,CG 0ZOF 7123
nitish483.png,JH09BF1206
nitish484.png,CG-04 JD-4932
nitish485.png,CG-07CY-6686
nitish486.png,MP18CA6352
nitish487.png,CGO7AY8020
nitish49.png,CG-0279-2001
nitish493.png,CGG7BR3127
nitish494.png,CG07BK6325
nitish495.png,109
nitish498.png,C60APU2220
nitish499.png,CG04HC1
nitish500.png,CG 04 NB 0798
nitish502.png,CG07CU0766
nitish504.png,CGO4NA6699
nitish505.png,8408
nitish506.png,0809
nitish507.png,CGD7CK0917
nitish508.png,CG-07CE-6127
nitish510.png,CGO40CO659
nitish512.png,C6079 L3129
nitish513.png,CG07CKD317
nitish514.png,CG 07BY 4292
nitish516.png,CC-07AY-39151
nitish517.png,CG07CCQ9966
nitish518.png,CO 0211 6149
nitish519.png,CG-07-C 8051
nitish526.png,CG 0728 9403
nitish527.png,CG07CD7224
nitish528.png,CG07 GA2978
nitish529.png,CG07BM 7510
nitish53.png,GO OF BF 2735
nitish530.png,EG07A S5565
nitish533.png,CG 072 CX 7549
nitish535.png,CGO 8120
nitish538.png,CG07C P4963
nitish539.png,CGO4MZ7131
nitish54.png,CG04QCO659
nitish543.png,CG-07LD-3101
nitish544.png,CGO7L P3546
nitish545.png,CGO7AU6266
nitish546.png,CG-07MN-0721
nitish547.png,CG-07LU-6248
nitish548.png,CC07 AP 2104
nitish55.png,CG-07-1-2009
nitish550.png,CGO7M9426
nitish551.png,CG07CS1027
nitish553.png,JH-10CH 5072
nitish554.png,CGO4PC9306
nitish555.png,CG07A S5565
nitish558.png,CG-07CL-9079
nitish559.png,CG-0/7 CY-02 7566
nitish560.png,24 BH 6126L
nitish561.png,CG-07 CJ 6288
nitish563.png,CG07Y-34991
nitish564.png,CG07 AS 2847
nitish565.png,CGO7BR3684
nitish566.png,CG 07 AC 8333
nitish567.png,JH02X0992
nitish57.png,CG07LA3405
nitish58.png,CG-074-9077
nitish59.png,CIS-07861-9002
nitish6.png,CGO4HK9104
nitish60.png,CO-07CJ-0019
nitish61.png,CG07B AG385
nitish69.png,CGO7AS4679
nitish7.png,CE 0201 2908
nitish70.png,CG 070P 1094
nitish71.png,DL-75 DS 566
nitish74.png,CG.07 C.6223
nitish75.png,CGO4HK9104
nitish78.png,CG 07 1812
nitish8.png,CG07MB0822
nitish82.png,CG07CC7003
nitish85.png,JN09 X 0549
nitish86.png,JH09BF1206
nitish9.png,CG07C J9680
nitish91.png,C6074
nitish93.png,FG071741515
nitish97.png,COP 07CM 6257
