Filename,License Plate
nitish454.png,7102457
nitish197.png,CJ-7CV-6572
nitish29.png,LC-07EC-901
nitish42.png,7451063
nitish5.png,18
nitish372.png,CG 07 AV 635
nitish208.png,1011
nitish337.png,DC-0728
nitish219.png,DP-AY-8977
nitish212.png,7410
nitish430.png,LCC07BUDE49
nitish246.png,CG 04 B 8666
nitish386.png,CJ7
nitish317.png,C0117403
nitish556.png,LG-8ACP-579
nitish247.png,CJ 2461P
nitish157.png,7015
nitish496.png,JH-00N-9657
nitish431.png,07CM360G
nitish442.png,01-078E-8225
nitish77.png,789456
nitish254.png,CO-021X-5810
nitish109.png,0914717
nitish202.png,07-18774
nitish168.png,7654321
nitish240.png,CCH71H
nitish89.png,0G047LP501
nitish537.png,CGD7CU378
nitish295.png,CC 072E 0257
nitish214.png,CGQ4WY261
nitish3.png,CG-07LD-701
nitish414.png,AP91CZ8612
nitish270.png,6974151
nitish37.png,CG078U5097
nitish80.png,1234567
nitish492.png,CG07A21201
nitish491.png,0004AD0123
nitish266.png,CC-07J-2981
nitish429.png,CC-07/AV-2130
nitish81.png,7654321
nitish153.png,123456789
nitish175.png,750
nitish107.png,0123456789
nitish159.png,12345678
nitish192.png,091CHM
nitish540.png,07417171
nitish318.png,CD 047H 393D
nitish12.png,CGJ7083675
nitish341.png,CG710Z
nitish88.png,УГС-170Р-1531
nitish174.png,465-07AH-5497
nitish387.png,CDJ7C1
nitish329.png,007914596
nitish84.png,000000
nitish438.png,JH007P610
nitish25.png,06789
nitish349.png,CC07AC2378
nitish123.png,14777
nitish350.png,0123456789
nitish139.png,CG07C 65241
nitish184.png,CC-07ZK-4062
nitish488.png,CCE7124
nitish302.png,011CDP
nitish120.png,PCG-1074
nitish479.png,7917
nitish384.png,0123456789
nitish191.png,7654321
nitish65.png,CC0797
nitish531.png,CG-782-202
nitish525.png,4607-81-1973
nitish172.png,CP07LIP589
nitish155.png,67891234
nitish160.png,7654321
nitish164.png,056948
nitish464.png,07LH-2348
nitish377.png,LH-19657
nitish489.png,CGG745
nitish409.png,CG-07NX-1176
nitish136.png,7451
nitish503.png,7450912
nitish263.png,CG07BU3680
nitish102.png,017
nitish520.png,6021759
nitish366.png,CG07C X5523
nitish380.png,674177
nitish194.png,7654321
nitish279.png,GG24
nitish28.png,07-1945
nitish21.png,671-0421
nitish63.png,CG-07UJ-9145
nitish534.png,67085929
nitish301.png,710198
nitish432.png,654321
nitish165.png,EMT-311-956
nitish264.png,66-0413771
nitish110.png,C674FEL
nitish138.png,0123456789
nitish64.png,CG07Y1203
nitish122.png,6174207
nitish474.png,7410M
nitish524.png,GO 542007
nitish437.png,CGOZA U7520
nitish415.png,66-07CH2500
nitish511.png,CG07CZ3188
nitish357.png,CC-07AF-5008
nitish167.png,05714914
nitish216.png,CG07C 01002
nitish346.png,7423
nitish297.png,123456789
nitish326.png,07489
nitish467.png,CG07AZ6458
nitish87.png,67894321
nitish370.png,7654321
nitish41.png,CG-07L-5273
nitish271.png,07CD077
nitish14.png,CC 04L-1578
nitish210.png,6789012345
nitish515.png,CG-07K-3859
nitish274.png,JH1-09V
nitish221.png,7
nitish116.png,BCG7290
nitish330.png,072937
nitish40.png,G701481
nitish52.png,CG074 AK 3108
nitish124.png,FG-76K-160
nitish147.png,789456
nitish307.png,607142
nitish20.png,7654321
nitish521.png,CC07-LF-9352
nitish117.png,7245963
nitish532.png,CC-07J 299T
nitish392.png,CLO74AW
nitish133.png,7654321
nitish313.png,0G07 LH 7178
nitish292.png,M-06G-4115
nitish36.png,761-1234
nitish455.png,7472
nitish256.png,789456
nitish250.png,CCD428
nitish190.png,476-1709
nitish255.png,1744010
nitish62.png,UP-64W-2102
nitish156.png,7654321
nitish470.png,P161709
nitish227.png,789456
nitish152.png,CA 070N 2201
nitish373.png,05
nitish541.png,789456
nitish328.png,706261
nitish509.png,07-3149
nitish265.png,CC 072E 9257
nitish423.png,0071103
nitish497.png,CG07CP2033
nitish375.png,CG07 DJ 185
nitish39.png,06-797-3870
nitish239.png,789456
nitish465.png,c601172
nitish523.png,COO-AS-DUA
nitish94.png,067894384
nitish562.png,660700-4219
nitish234.png,7658745
nitish183.png,6470CHB
nitish243.png,COO7U4248
nitish434.png,6789
nitish396.png,CC07001593
nitish47.png,CG070
nitish196.png,CL-07C3-051
nitish73.png,175
nitish490.png,007CT4442
nitish225.png,12345678
nitish90.png,12345678
nitish233.png,6001789
nitish154.png,C178
nitish151.png,1574
nitish389.png,CG07DS
nitish50.png,6007-LV-9318
nitish312.png,60072F
nitish99.png,CA 740177
nitish457.png,CG04QC051A
nitish248.png,EG-0010-0709
nitish106.png,CC-07LV-569
nitish367.png,C861961G
nitish72.png,6789012345
nitish471.png,CG07LM
nitish119.png,4721J3258
nitish176.png,1470933
nitish188.png,CO-0781151
nitish238.png,674U
nitish549.png,017
nitish347.png,1053
nitish83.png,7654321
nitish199.png,CDJ705
nitish95.png,1-60-07CL-532
nitish244.png,74
nitish398.png,CQ07A2030
nitish536.png,7654321
nitish66.png,6907
nitish19.png,06714
nitish242.png,7418
nitish181.png,HCP07KH5000
nitish180.png,745028
nitish92.png,CG47 LT 4410
nitish236.png,C015870
nitish300.png,7654321
nitish476.png,047210
nitish433.png,01769
nitish285.png,0
nitish353.png,6789
nitish206.png,CC-0849-ADT
nitish98.png,84705761
nitish235.png,7654321
nitish205.png,CG 07 MR 0144
nitish195.png,CC-07CF-6414
nitish51.png,CG-0274-346D
nitish364.png,6789012345
nitish237.png,CLHLYT4386
nitish33.png,CG97-AF-6802
nitish45.png,COOP780
nitish22.png,GCHJ 297T
nitish11.png,7195181
nitish17.png,710195
nitish96.png,000000
nitish379.png,CG07LP3546
nitish200.png,6789
nitish101.png,FQ745Z16
nitish241.png,CC-0714959
nitish557.png,LE01T
nitish417.png,CG-05 UT-21
nitish445.png,LG07AB109
nitish68.png,CG07RL
nitish115.png,0123456789
nitish426.png,172121
nitish137.png,1
nitish173.png,1234567
nitish56.png,1607-19-5393
nitish128.png,CG-97DA 3260
nitish198.png,7016
nitish459.png,0071418
nitish223.png,CGOT-UP
nitish416.png,1G71N
nitish304.png,CC07APZ04
nitish403.png,04716
nitish262.png,07LD2031
nitish552.png,CG-07 BB-4230
nitish185.png,CC-17CP-571
